<?xml version="1.0" encoding="UTF-8"?>
<!--

    Licensed to the Apache Software Foundation (ASF) under one
    or more contributor license agreements.  See the NOTICE file
    distributed with this work for additional information
    regarding copyright ownership.  The ASF licenses this file
    to you under the Apache License, Version 2.0 (the
    "License"); you may not use this file except in compliance
    with the License.  You may obtain a copy of the License at

      http://www.apache.org/licenses/LICENSE-2.0

    Unless required by applicable law or agreed to in writing,
    software distributed under the License is distributed on an
    "AS IS" BASIS, WITHOUT WARRANTIES OR CONDITIONS OF ANY
    KIND, either express or implied.  See the License for the
    specific language governing permissions and limitations
    under the License.

-->
<casConsumerDescription xmlns="http://uima.apache.org/resourceSpecifier">
<frameworkImplementation>org.apache.uima.java</frameworkImplementation>
<implementationName>org.apache.ctakes.smokingstatus.cc.RecordResolutionCasConsumer</implementationName>
<processingResourceMetaData>
<name>RecordResolutionCasConsumer</name>
<description>Iterates over all sentences (each CAS equals one sentence) for a record and
resolves the final classification value for the record. Output is saved to an
delimited file.</description>
<version>1.0</version>
<vendor></vendor>
<configurationParameters>
<configurationParameter>
<name>OutputFile</name>
<description>specifies the path of the output file</description>
<type>String</type>
<multiValued>false</multiValued>
<mandatory>true</mandatory>
</configurationParameter>
<configurationParameter>
<name>Delimiter</name>
<description>specifies the delimiter for the output file</description>
<type>String</type>
<multiValued>false</multiValued>
<mandatory>true</mandatory>
</configurationParameter>
<configurationParameter>
<name>ProcessingCDADocument</name>
<description>Specifies whether the processed files should be handled as CDA documents.</description>
<type>Boolean</type>
<multiValued>false</multiValued>
<mandatory>true</mandatory>
</configurationParameter>
<configurationParameter>
<name>RunPatientLevelClassification</name>
<description>Specifies whether the post processing step of generating a summary patient level classification is done</description>
<type>Boolean</type>
<multiValued>false</multiValued>
<mandatory>true</mandatory>
</configurationParameter>
<configurationParameter>
<name>FinalClassificationOutputFile</name>
<description>Specifies name and location of the summary report file which holds the final patient level classifications.</description>
<type>String</type>
<multiValued>false</multiValued>
<mandatory>false</mandatory>
</configurationParameter>
</configurationParameters>
<configurationParameterSettings>
<nameValuePair>
<name>OutputFile</name>
<value>
<string>testdata/smokingtest/testoutput/record_resolution.txt</string>
</value>
</nameValuePair>
<nameValuePair>
<name>Delimiter</name>
<value>
<string>|</string>
</value>
</nameValuePair>
<nameValuePair>
<name>RunPatientLevelClassification</name>
<value>
<boolean>false</boolean>
</value>
</nameValuePair>
<nameValuePair>
<name>ProcessingCDADocument</name>
<value>
<boolean>false</boolean>
</value>
</nameValuePair>
</configurationParameterSettings>
<typeSystemDescription/>
<capabilities/>
<operationalProperties>
<modifiesCas>false</modifiesCas>
<multipleDeploymentAllowed>false</multipleDeploymentAllowed>
<outputsNewCASes>false</outputsNewCASes>
</operationalProperties>
</processingResourceMetaData>
</casConsumerDescription>
