<?xml version="1.0" encoding="UTF-8"?>
<taeDescription xmlns="http://uima.apache.org/resourceSpecifier">
  <frameworkImplementation>org.apache.uima.java</frameworkImplementation>
  <primitive>true</primitive>
  <annotatorImplementationName>org.apache.ctakes.smokingstatus.ae.KuRuleBasedClassifierAnnotator</annotatorImplementationName>
  <analysisEngineMetaData>
    <name>KuRuleBasedClassifierAnnotator</name>
    <description>Known vs Unknow classifier using smoking related keywords</description>
    <version/>
    <vendor/>
    <configurationParameters>
      <configurationParameter>
        <name>CaseSensitive</name>
        <type>Boolean</type>
        <multiValued>false</multiValued>
        <mandatory>true</mandatory>
      </configurationParameter>
      <configurationParameter>
        <name>classAttribute</name>
        <type>String</type>
        <multiValued>false</multiValued>
        <mandatory>true</mandatory>
      </configurationParameter>
      <configurationParameter>
        <name>SmokingWordsFile</name>
        <description>smoking related keywords to identify "known" class</description>
        <type>String</type>
        <multiValued>false</multiValued>
        <mandatory>true</mandatory>
      </configurationParameter>
      <configurationParameter>
        <name>UnknownWordsFile</name>
        <description>If this word/phrase appears, treat the sentence as UNKNOWN</description>
        <type>String</type>
        <multiValued>false</multiValued>
        <mandatory>true</mandatory>
      </configurationParameter>
    </configurationParameters>
    <configurationParameterSettings>
      <nameValuePair>
        <name>SmokingWordsFile</name>
        <value>
          <string>org/apache/ctakes/smokingstatus/data/KU/keywords.txt</string>
        </value>
      </nameValuePair>
      <nameValuePair>
        <name>classAttribute</name>
        <value>
          <string>smoking_status</string>
        </value>
      </nameValuePair>
      <nameValuePair>
        <name>CaseSensitive</name>
        <value>
          <boolean>false</boolean>
        </value>
      </nameValuePair>
      <nameValuePair>
        <name>UnknownWordsFile</name>
        <value>
          <string>org/apache/ctakes/smokingstatus/data/KU/unknown_words.txt</string>
        </value>
      </nameValuePair>
    </configurationParameterSettings>
    <typeSystemDescription>
      <imports>
        <import name="org.apache.ctakes.smokingstatus.types.TypeSystem"/>
      </imports>
    </typeSystemDescription>
    <typePriorities/>
    <fsIndexCollection/>
    <capabilities>
      <capability>
        <inputs/>
        <outputs/>
        <languagesSupported/>
      </capability>
    </capabilities>
    <operationalProperties>
      <modifiesCas>true</modifiesCas>
      <multipleDeploymentAllowed>true</multipleDeploymentAllowed>
      <outputsNewCASes>false</outputsNewCASes>
    </operationalProperties>
  </analysisEngineMetaData>
  <resourceManagerConfiguration/>
</taeDescription>
