<?xml version="1.0" encoding="UTF-8"?>
<!--

    Licensed to the Apache Software Foundation (ASF) under one
    or more contributor license agreements.  See the NOTICE file
    distributed with this work for additional information
    regarding copyright ownership.  The ASF licenses this file
    to you under the Apache License, Version 2.0 (the
    "License"); you may not use this file except in compliance
    with the License.  You may obtain a copy of the License at

      http://www.apache.org/licenses/LICENSE-2.0

    Unless required by applicable law or agreed to in writing,
    software distributed under the License is distributed on an
    "AS IS" BASIS, WITHOUT WARRANTIES OR CONDITIONS OF ANY
    KIND, either express or implied.  See the License for the
    specific language governing permissions and limitations
    under the License.

-->
<taeDescription xmlns="http://uima.apache.org/resourceSpecifier">
<frameworkImplementation>org.apache.uima.java</frameworkImplementation>
<primitive>true</primitive>
<annotatorImplementationName>org.apache.ctakes.smokingstatus.ae.PcsClassifierAnnotator_libsvm</annotatorImplementationName>
<analysisEngineMetaData>
<name>PcsClassifierAnnotator_libsvm</name>
<description>PCS classifier using libsvm. This annotator plays the same role as PcsBOWFeatureAnnotator.xml, PcsClassifierAnnotator.xml, and BOWFeatureRemovalAnnotator.xml, which use Weka.</description>
<version></version>
<vendor></vendor>
<configurationParameters>
<configurationParameter>
<name>CaseSensitive</name>
<type>Boolean</type>
<multiValued>false</multiValued>
<mandatory>true</mandatory>
</configurationParameter>
</configurationParameters>
<configurationParameterSettings>
<nameValuePair>
<name>CaseSensitive</name>
<value>
<boolean>false</boolean>
</value>
</nameValuePair>
</configurationParameterSettings>
<typeSystemDescription>
<imports>
        <import name="org.apache.ctakes.smokingstatus.types.TypeSystem"/>
</imports>
</typeSystemDescription>
<typePriorities/>
<fsIndexCollection/>
<capabilities>
<capability>
<inputs>
<type allAnnotatorFeatures="true">org.apache.ctakes.typesystem.type.syntax.BaseToken</type>
</inputs>
<outputs>
<type allAnnotatorFeatures="true">org.apache.ctakes.smokingstatus.type.libsvms.StringAttributeValue</type>
<type allAnnotatorFeatures="true">org.apache.ctakes.smokingstatus.type.libsvms.NumericAttributeValue</type>
<type allAnnotatorFeatures="true">org.apache.ctakes.smokingstatus.type.libsvms.DateAttributeValue</type>
<type allAnnotatorFeatures="true">org.apache.ctakes.smokingstatus.type.libsvms.AttributeValue</type>
</outputs>
<languagesSupported/>
</capability>
</capabilities>
<operationalProperties>
<modifiesCas>true</modifiesCas>
<multipleDeploymentAllowed>true</multipleDeploymentAllowed>
<outputsNewCASes>false</outputsNewCASes>
</operationalProperties>
</analysisEngineMetaData>
<externalResourceDependencies>
<externalResourceDependency>
<key>PathOfModel</key>
<description></description>
<interfaceName>org.apache.ctakes.core.resource.FileResource</interfaceName>
<optional>false</optional>
</externalResourceDependency>
<externalResourceDependency>
<key>StopWordsFile</key>
<description></description>
<interfaceName>org.apache.ctakes.core.resource.FileResource</interfaceName>
<optional>false</optional>
</externalResourceDependency>
<externalResourceDependency>
<key>PCSKeyWordFile</key>
<description/>
<interfaceName>org.apache.ctakes.core.resource.FileResource</interfaceName>
<optional>false</optional>
</externalResourceDependency>
</externalResourceDependencies>
<resourceManagerConfiguration>
<externalResources>
<externalResource>
<name>PathOfModelResc</name>
<description></description>
<fileResourceSpecifier>
<fileUrl>file:org/apache/ctakes/smokingstatus/data/PCS/pcs_libsvm-2.91.model</fileUrl>
</fileResourceSpecifier>
<implementationName>org.apache.ctakes.core.resource.FileResourceImpl</implementationName>
</externalResource>
<externalResource>
<name>PCSKeyWordFileResc</name>
<description/>
<fileResourceSpecifier>
<fileUrl>file:org/apache/ctakes/smokingstatus/data/PCS/keywords_PCS.txt</fileUrl>
</fileResourceSpecifier>
<implementationName>org.apache.ctakes.core.resource.FileResourceImpl</implementationName>
</externalResource>
<externalResource>
<name>StopWordsFileResc</name>
<description></description>
<fileResourceSpecifier>
<fileUrl>file:org/apache/ctakes/smokingstatus/data/PCS/stopwords_PCS.txt</fileUrl>
</fileResourceSpecifier>
<implementationName>org.apache.ctakes.core.resource.FileResourceImpl</implementationName>
</externalResource>
</externalResources>
<externalResourceBindings>
<externalResourceBinding>
<key>PathOfModel</key>
<resourceName>PathOfModelResc</resourceName>
</externalResourceBinding>
<externalResourceBinding>
<key>StopWordsFile</key>
<resourceName>StopWordsFileResc</resourceName>
</externalResourceBinding>
<externalResourceBinding>
<key>PCSKeyWordFile</key>
<resourceName>PCSKeyWordFileResc</resourceName>
</externalResourceBinding>
</externalResourceBindings>
</resourceManagerConfiguration>
</taeDescription>
