<?xml version="1.0" encoding="UTF-8"?>
<!--

    Licensed to the Apache Software Foundation (ASF) under one
    or more contributor license agreements.  See the NOTICE file
    distributed with this work for additional information
    regarding copyright ownership.  The ASF licenses this file
    to you under the Apache License, Version 2.0 (the
    "License"); you may not use this file except in compliance
    with the License.  You may obtain a copy of the License at

      http://www.apache.org/licenses/LICENSE-2.0

    Unless required by applicable law or agreed to in writing,
    software distributed under the License is distributed on an
    "AS IS" BASIS, WITHOUT WARRANTIES OR CONDITIONS OF ANY
    KIND, either express or implied.  See the License for the
    specific language governing permissions and limitations
    under the License.

-->
<lookupSpecification>
	<!--  Defines what Gazetteers will be used in terms of implementation specifics and metaField configuration. -->
	<dictionaries>
		<dictionary id="GAZ_SMOKING_STATUS" externalResourceKey="SmokerDictionary" caseSensitive="false">
			<implementation>
				<csvImpl delimiter="|" indexedFieldNames="0"/>
			</implementation>
			<lookupField fieldName="0"/>
			<metaFields/>
		</dictionary>
		<dictionary id="GAZ_NONSMOKING_STATUS" externalResourceKey="NonSmokerDictionary" caseSensitive="false">
			<implementation>
				<csvImpl delimiter="|" indexedFieldNames="0"/>
			</implementation>
			<lookupField fieldName="0"/>
			<metaFields/>
		</dictionary>
	</dictionaries>
	<!-- Binds together the components necessary to perform the complete lookup logic start to end. -->
	<lookupBindings>
		<lookupBinding>
			<dictionaryRef idRef="GAZ_SMOKING_STATUS"/>
			<lookupInitializer className="org.apache.ctakes.dictionary.lookup.ae.DirectLookupInitializerImpl">
				<properties/>
			</lookupInitializer>
			<lookupConsumer className="org.apache.ctakes.smokingstatus.lookup.ae.SmokerNamedEntityLookupConsumerImpl">
				<properties>
					<property key="codingScheme" value="NONE"/>
					<property key="codeMetaField" value="0"/>
				</properties>
			</lookupConsumer>
		</lookupBinding>
		<lookupBinding>
			<dictionaryRef idRef="GAZ_NONSMOKING_STATUS"/>
			<lookupInitializer className="org.apache.ctakes.dictionary.lookup.ae.DirectLookupInitializerImpl">
				<properties/>
			</lookupInitializer>
			<lookupConsumer className="org.apache.ctakes.smokingstatus.lookup.ae.NonSmokerNamedEntityLookupConsumerImpl">
				<properties>
					<property key="codingScheme" value="NONE"/>
					<property key="codeMetaField" value="0"/>
				</properties>
			</lookupConsumer>
		</lookupBinding>
	</lookupBindings>
</lookupSpecification>